sample_id,viability
1,99.7
2,100.3
9,99.8
10,100.2
17,99.4
18,100.6
25,99.9
26,100.1
33,99.7
34,100.3
40,99.9
41,100.1
48,99.7
49,100.3
56,99.9
57,100.1
65,100
66,100
73,99.9
74,100.1
81,100
82,100
89,100.1
90,99.9
97,99.7
98,100.3
104,99.9
105,100.1
110,99.7
111,100.3
117,98.8
118,101.2
125,99.9
126,99.9
127,100.1
134,100
135,100
142,99.3
143,100.7
163,100.3
164,99.7
156,100.1
165,99.9
166,100.1
173,99.9
174,100.1
181,100.5
182,99.5
189,100
190,100
197,100
198,100
205,100
206,100
213,100.3
214,99.7
221,100.1
222,99.9
229,100.1
230,99.9
237,100.5
854,99.5
244,100.5
245,99.5
252,100.5
253,99.5
280,99.8
281,100.2
265,100
266,100
272,99.4
273,100.6
284,100.3
285,99.7
292,99.8
293,100.2
300,99.8
301,100.2
308,99.4
309,100.6
315,100.3
316,99.7
323,100.1
324,99.9
331,99.4
332,100.6
339,99.7
340,100.3
347,100.3
348,99.7
355,99
356,101
362,100.4
363,99.6
370,100
371,100
378,99.9
379,100.1
386,99.8
387,100.2
394,99.8
395,100.2
402,100.6
403,99.4
410,99.8
411,100.2
418,100.1
546,99.9
425,100.3
426,99.7
433,100.8
434,99.2
441,99.8
442,100.2
449,99.6
450,100.4
457,99.8
458,100.2
465,100.5
466,99.5
473,99.9
474,100.1
481,100.2
482,99.8
489,100.1
490,99.9
497,99.4
498,100.6
505,99.4
506,100.6
513,99.8
514,100.2
521,99.8
522,100.2
529,100.2
530,99.8
537,100.1
538,99.9
548,100.5
549,99.5
556,99.8
557,100.2
564,100.1
565,99.9
568,100
569,100
576,99.3
577,100.7
583,99.5
584,100.5
591,100
592,100
599,99.5
600,100.5
606,99.9
607,100.1
614,99.5
615,100.5
622,100
623,100
630,100.2
631,99.8
638,100
639,100
646,99.9
647,100.1
654,99.8
655,100.2
662,99.8
663,100.2
670,99.8
671,100.2
678,100.2
679,99.8
686,100
687,100
694,99.8
695,100.2
702,100.2
703,99.8
710,99.5
711,100.5
718,99.9
719,100.1
726,100.1
727,99.9
734,100
735,100
742,99.9
743,100.1
750,100.1
751,99.9
758,99.7
759,100.3
766,99.9
767,100.1
774,100.2
775,99.8
782,99.4
783,100.6
790,99.9
791,100.1
798,100
799,100
806,99.5
807,100.5
814,99.5
815,100.5
822,100.3
823,99.7
830,99.1
831,100.9
838,99.5
839,100.5
846,99.6
847,100.4
877,100
876,100
860,99.9
861,100.1
868,99.8
869,100.2
879,100.2
880,99.8
887,100.1
888,99.9
895,100
896,100
903,100.2
904,99.8
911,100.5
912,99.5
919,100.2
920,99.8
927,100.2
928,99.8
935,99.8
936,100.2
943,100.5
944,99.5
951,100.3
952,99.7
959,99.6
960,100.4
967,99.7
968,100.3
975,99.5
976,100.5
983,99.7
984,100.3
991,100
992,100
999,99.4
1000,100.6
1007,99.9
1008,100.1
1015,99.9
1016,100.1
1023,99.8
1024,100.2
1031,99.7
1032,100.3
1039,99.5
1040,100.5
1056,99.7
1057,100.3
1064,100
1065,100
1072,99.7
1073,100.3
1080,99.6
1081,100.4
1088,100.5
1089,99.5
1096,100.2
1097,99.8
1104,99.6
1105,100.4
1112,100.1
1113,99.9
1119,99.9
1120,100.1
1127,100.2
1128,99.8
1135,99.6
1136,100.4
1143,99.7
1144,100.3
1153,100
1154,100
1159,98.1
1160,101.9
1165,98.9
1166,101.1
1171,94.2
1172,105.8
1177,95.9
1178,104.1
1183,100
1184,100
1188,97.6
1189,102.4
1194,99
1195,101
1201,100
1202,100
1207,97.3
1208,102.7
1213,100
1214,100
1219,100
1220,100
1225,97.7
1226,102.3
1231,89.6
1232,110.4
1237,93.7
1238,106.3
1243,95.1
1244,104.9
1249,101
1250,99
1255,90.1
1256,109.9
1261,101.1
1262,98.9
1267,99
1268,101
1273,95.8
1274,104.2
1279,96.1
1280,103.9
1285,100
1286,100
1291,98.9
1292,101.1
1297,97.4
1298,102.6
1303,101.1
1304,98.9
1309,98.4
1310,101.6
1315,98.2
1316,101.8
1321,98.4
1322,101.6
1327,96.1
1328,103.9
1333,96.3
1334,103.7
1339,95.5
1340,104.5
1345,97.1
1346,102.9
1351,96.2
1352,103.8
1357,78.4
1358,121.6
1363,100
1364,100
1369,99.6
1370,100.4
1375,96.5
1376,103.5
1381,98.8
1382,101.2
1387,96.1
1388,103.9
1393,100
1394,100
1399,94.7
1400,105.3
1405,101.1
1406,98.9
1411,100
1412,100
1417,98.3
1418,101.7
1423,96.4
1424,103.6
1429,97.8
1430,102.2
1435,100
1436,100
1441,95.8
1442,104.2
1447,98.4
1448,101.6
1453,101.5
1454,98.5
1458,94.1
1459,105.9
1464,99.4
1465,100.6
1469,95.2
1470,104.8
1474,95.7
1475,104.3
1480,97
1481,103
1486,96.1
1487,103.9
1492,98.9
1493,101.1
1498,92.5
1499,107.5
1504,93.1
1505,106.9
1510,95.3
1511,104.7
1516,98.8
1517,101.3
1522,91.2
1523,108.8
1528,96
1529,104
1535,100
1536,100
1540,97.6
1541,102.4
1546,98.2
1547,101.8
1552,98.1
1553,101.9
1558,101.1
1559,98.9
1564,100
1565,100
1570,96.6
1571,103.4
1576,95.7
1577,104.3
1584,99.4
1585,100.6
1590,94.6
1591,105.4
1596,99.5
1597,100.5
1602,90.2
1603,109.8
1609,96.5
1610,103.5
1615,94.8
1616,105.2
1621,103.1
1622,96.9
1627,105.6
1628,94.4
1633,97.1
1634,102.9
1639,97.5
1640,102.5
1645,97.3
1646,102.7
1651,96.5
1652,103.5
1657,97.9
1658,102.1
1663,97.2
1680,102.8
1668,94.2
1669,105.8
1674,99.5
1675,100.5
1681,97.7
1682,102.3
1687,96
1688,104
1693,96
1694,104
1699,100.6
1700,99.4
1705,97.5
1723,102.5
1708,94
1709,106
1714,101.6
1748,98.4
1718,94.4
1719,105.6
1726,104.9
1751,95.1
1731,106.8
1752,93.2
1736,95.2
1737,104.8
1742,87.6
1743,112.4
1753,95
1754,105
1758,92.5
1759,107.5
1764,99.2
1765,100.8
1770,99.3
1771,100.7
1776,97.2
1777,102.8
1782,97.2
1783,102.8
1788,97.5
1789,102.5
1794,96
1795,104
1800,95
1801,105
1806,97.3
1807,102.7
1812,100
1813,100
1818,99
1819,101
1824,95.5
1825,104.5
1830,101.5
1831,98.5
1836,97.6
1837,102.4
1842,96.4
1843,103.6
1848,102.9
1849,97.1
1854,102.5
1855,97.5
1860,99.4
1861,100.6
1866,97.5
1867,102.5
1872,99.3
1873,100.7
1878,98.3
1879,101.7
1974,95.4
1975,104.6
1886,98.6
1887,101.4
1892,99.4
1893,100.6
1898,96.3
1899,103.7
1904,101.7
1905,98.3
1910,108.3
1911,91.7
1916,95.7
1917,104.3
1922,89.7
1923,110.3
1928,95.3
1929,104.7
1934,91
1935,109
1940,97.8
1941,102.2
1946,100
1947,100
1952,95.5
1953,104.5
1957,108.2
1958,91.8
1962,98.8
1963,101.3
1968,115
1969,85
1981,94
1982,106
1987,92
1988,108
1993,95.7
1994,104.3
1999,93.5
2000,106.5
2005,100.4
2006,99.6
2011,98.1
2012,101.9
2017,96.6
2018,103.4
2023,97.9
2024,102.1
2029,96.3
2030,103.7
2035,99.5
2036,100.5
2043,100.4
2044,99.6
2051,96.6
2052,103.4
2059,96.6
2060,103.4
2066,96.1
2067,103.9
2073,97.1
2074,102.9
2080,93.8
2081,106.2
2088,95.1
2089,104.9
2096,97.4
2097,102.6
2104,97.2
2105,102.8
2112,99.7
2113,100.3
2120,98.6
2121,101.4
2128,98.4
2129,101.6
2137,99.1
2138,100.9
2143,98.4
2144,101.6
2151,97.5
2152,102.5
2159,98.5
2160,101.5
2167,99.1
2168,100.9
2175,98.7
2176,101.3
2183,100.4
2184,99.6
2191,100
2192,100
2199,99.3
2200,100.7
2207,100
2208,100
2215,96.1
2216,103.9
2223,97.2
2224,102.8
2231,96.5
2232,103.5
2239,96.7
2240,103.3
2247,98.9
2248,101.1
2255,97.4
2256,102.6
2263,100
2264,100
2271,96.6
2272,103.4
2279,97.3
2280,102.7
2287,97
2288,103
2295,97.2
2296,102.8
2303,99.4
2304,100.6
2311,100.2
2312,99.8
2319,99.5
2320,100.5
2327,99.5
2328,100.5
2335,99.5
2336,100.5
2343,100
2344,100
2351,98.8
2352,101.2
2359,99.4
2360,100.6
2367,99.8
2368,100.2
2375,100
2376,100
3,100.1
4,100.1
11,99.5
12,100.2
19,99.9
20,100.5
27,99.6
28,100.1
35,100
36,100.6
42,99.8
43,100.7
50,99.9
51,100.3
58,100.1
59,100.4
67,99.9
68,100.4
75,100.3
76,99.9
83,100.2
84,100
91,100.1
92,100.3
99,100.6
100,101
1151,100.3
1052,99.9
260,100.3
112,100.3
119,100.6
120,100.6
157,100.4
128,100.4
129,100.4
136,100.3
137,100.5
144,100.5
145,99.8
150,100.3
151,100.1
158,99.9
167,99.9
168,100.7
175,99.6
176,99.9
183,100.3
184,100.1
191,100.5
192,100
199,100.2
200,100.5
207,100.9
208,100.4
215,100.6
216,100.3
223,99.9
224,99.9
231,100.6
232,100.9
239,99.7
238,98.9
246,100.2
247,100.7
254,100.1
255,99.3
282,100
283,100.2
267,99.8
268,99.8
274,100.2
275,99.8
286,99.9
287,100.3
294,99.4
295,99.6
302,100
303,100.5
547,100.3
310,100.6
317,99.7
318,99.2
325,101.2
326,101
333,100.6
334,101.5
341,100.6
342,100.6
349,99.4
350,99.7
357,99.5
358,100.5
364,98.2
365,99.6
372,101.1
373,100.4
380,100.1
381,100.4
388,100
389,100
396,100.4
397,100.7
404,100.6
405,100.2
412,100.5
413,100.8
419,100.5
420,99.5
427,99.7
428,98.6
435,100.8
436,100.5
443,100.4
444,99.8
451,99.9
452,100.4
459,100
460,100.5
467,99.3
468,100.4
475,99.9
476,100.4
483,100.5
484,100.5
491,100.8
492,99.7
499,100.3
500,100.6
507,99.4
508,100.6
515,100.7
516,99.5
523,99.5
524,99.8
531,99.8
532,99.8
539,101
540,100.4
550,99.5
551,99.5
558,100.2
559,100
1047,99.9
1048,100.8
570,99.8
571,99.6
578,100.1
579,100.5
585,100.9
586,101.1
593,100
594,100.3
855,99.2
601,100
608,100.8
609,100.3
616,99.8
617,100.8
624,100.2
625,100.2
632,100.2
633,100.8
640,99.7
641,100.3
648,100.1
649,100.4
656,100.7
657,100.7
664,99.3
665,100.2
672,99.8
673,100.2
680,99.6
681,100
688,99.8
689,100
696,100
697,100.2
704,100.5
705,100.5
712,99.8
713,101.1
720,99.9
721,100.3
728,100.2
729,100.1
736,100
737,100.9
744,100.7
745,101.2
752,101.3
753,100.8
760,100.1
761,100.5
768,100.6
769,100.8
776,100.4
777,100.4
784,100
785,99.7
792,100.1
793,100.4
800,100.5
801,100.2
808,99.8
809,99.8
816,100.3
817,101.1
824,101
825,100.3
832,100
833,100.4
840,100.2
841,101.6
848,100.8
849,101.1
1054,100.7
1053,100.2
862,99.9
863,100.4
870,98.8
871,100.2
881,100.2
882,99.8
889,99.4
890,100.6
897,101.4
898,100.8
905,101.1
906,100.5
913,100.7
914,101.2
921,100.2
922,100.5
929,99.4
930,99.8
937,99.4
938,99.8
945,100.2
946,100.5
953,100
954,100
961,100.1
962,100.7
969,100.6
970,100.3
977,100.8
978,99.8
985,99.7
986,101.1
993,98.7
994,99.1
1001,99.7
1002,100
1009,100.6
1010,100.6
1017,100.9
1018,100.7
1025,99.8
1026,100.6
1033,99.7
1034,101.1
1041,100.5
1042,101.4
1058,99.3
1059,99.7
1066,100.5
1067,100.5
1074,100.5
1075,100.3
1082,100.1
1083,100.1
1090,100.5
1091,100.2
1098,100.4
1099,100.4
1106,100
1107,100.2
1152,100.5
1114,100.3
1121,101
1122,100.5
1129,100.9
1130,100.9
1137,99.6
1138,99.4
1145,100
1146,100.3
2037,101.7
2038,101.1
2045,99.3
2046,99.3
2053,103.7
2054,103.7
2061,104.3
2062,104.6
2068,103.1
2135,103.9
2075,103.8
2076,104.1
2082,106.6
2083,107.1
2090,104.5
2091,104.5
2098,101.7
2099,101.7
2106,103.6
2107,99
2114,100.9
2115,97.8
2122,98.6
2123,97.7
2130,99.7
2131,100.9
2139,101.6
2140,101.9
2145,100.2
2146,101.1
2153,103.2
2154,104
2161,102.5
2162,101
2169,100.4
2170,101.8
2177,100.4
2178,101.3
2185,98.4
2186,98.8
2193,101.2
2194,100.8
2201,100.7
2202,100.2
2209,100.5
2210,100.5
2217,104.8
2218,105.3
2225,102.8
2226,103.6
2233,103.1
2234,103.1
2241,104.7
2242,103.8
2249,101.1
2250,99.8
2257,103.4
2258,103.8
2265,101.6
2266,100.8
2273,104.2
2274,103.8
2281,103.7
2282,103.7
2289,102.7
2290,102
2297,103.5
2298,103.2
2305,99.8
2306,100.6
2313,100.9
2314,100.5
2321,99.8
2322,100.5
2329,101.1
2330,100.5
2337,100
2338,103.2
2345,100.4
2346,101.3
2353,98
2354,99.6
2361,100.6
2362,100
2369,99.4
2370,100.2
2377,98.9
2378,100
5,99.5
6,100.3
13,100
14,100
21,99.9
22,100.4
29,99.6
30,100.9
37,100.3
38,100.1
44,100.1
45,100.1
52,99.7
53,99.9
60,100.4
61,100.1
69,100.3
70,100.3
77,100.5
78,99.5
85,99.8
86,100
93,99.6
94,101
101,100.3
102,100.1
106,100.1
107,99.9
113,100.6
114,100.1
121,100
122,100
159,99.9
130,100.7
131,100.4
138,100.8
139,100.5
146,100.9
147,100.2
152,101.6
153,100.5
160,100.4
169,99.1
170,100.1
177,100.1
178,100.1
185,99.5
186,100.3
193,100
194,100.5
201,99.8
202,100.2
209,100.9
210,100.4
217,100.9
218,100.9
225,100.4
226,100.1
233,101.4
234,101.2
241,100.5
240,100.8
248,100.5
249,101.9
256,101.1
257,100.7
261,100
262,100.2
269,100.6
270,100.5
276,100.6
277,100.2
288,100.3
289,100.3
296,100.4
297,100
304,100.7
305,100.5
311,99.7
312,100.3
319,98.9
320,99.5
327,100.8
328,101.2
335,100.2
336,101.9
343,100
344,101.1
351,99.2
352,99.9
359,100
360,99.5
366,99.3
367,100
374,100.6
375,100.6
382,100.1
383,99.1
390,100
391,100.4
398,101
399,100.5
406,100.2
407,100.6
414,100.2
415,101.1
421,100.3
422,100.7
429,99.7
430,99.7
437,99.2
438,100.3
445,100.4
446,100.4
453,99.6
454,99.6
461,100.7
462,100.5
469,100.2
470,100
477,100.4
478,100.4
485,100.5
486,100.5
493,101
494,100.1
501,98.9
502,100.6
509,99.4
510,100.6
517,100
518,100.7
525,99.3
526,100.2
533,100
534,100.7
541,101.2
542,100.8
552,100
553,99.5
560,100.7
561,100.5
1049,101.4
1050,101.4
572,99
573,99.8
580,100.3
581,100.9
587,100.7
588,100.7
595,100
596,100.6
602,99.2
603,98.4
610,100.5
611,101.6
618,99.8
619,100.5
626,100.5
627,100.5
634,100.4
635,100.4
642,99.7
643,99.7
650,100.4
651,100.5
658,100.5
659,101.1
666,98.9
667,100
674,100.2
675,99.6
682,100.7
683,100.2
690,100
691,99.8
698,100
699,100
706,101.3
707,100.6
714,101.1
715,100.5
722,100.1
723,100.1
730,100.1
731,100.5
738,100.5
739,101.4
746,100.9
747,100.7
754,101.3
755,101.5
762,100.3
763,100.3
770,100.8
771,100.3
778,100.9
779,100.6
786,99.7
787,99.7
794,99.6
795,100.9
802,101.5
803,101.2
810,98.9
811,100.8
818,100.8
819,101.1
826,100.5
827,101.3
834,99.6
835,99.1
842,100.9
843,101.2
850,102.2
851,102
857,100.7
878,100.7
864,100.1
865,100.9
872,99.8
873,99.1
883,99.8
884,100.2
891,100.4
892,100.1
899,101
900,102.1
907,99.5
908,100.2
915,100.7
916,100.7
923,101.8
924,100.9
931,100.2
932,100.2
939,99.4
940,99.8
947,99.5
948,99.5
955,100.7
956,100.7
963,99.6
964,100.7
971,100.9
972,100.6
979,98.6
980,100.8
987,99.4
988,99.7
995,99.3
996,98.7
1003,99.7
1004,99.7
1011,99.6
1012,100.1
1019,100.5
1020,99.9
1027,100.2
1028,100.6
1035,100
1036,100.3
1043,101.4
1044,101.2
1060,99
1061,99.7
1068,100
1069,100.5
1076,100.9
1077,100.7
1084,99.9
1085,100.1
1092,99.2
1093,100.5
1100,100.8
1101,100.8
1108,100.4
1109,100.2
1115,100.1
1116,100.5
1123,101
1124,100.3
1131,100.2
1132,101.3
1139,100.4
1140,100.6
1147,101.4
1148,100.9
1155,104.4
1156,100
1161,103.8
1162,100
1167,103.4
1168,105.7
1173,110.5
1174,110.5
1179,106.8
1180,106.8
1185,104.6
1186,109.2
1190,90.2
1191,97.6
1196,112.8
1197,106.9
1203,109.9
1204,101.4
1209,105.5
1210,108.2
1215,104.1
1216,104.1
1221,104.1
1222,108.2
1227,104.7
1228,95.3
1233,104.4
1234,110.4
1239,146.5
1240,139
1245,195.9
1246,189.4
1251,104.9
1252,101
1257,119.8
1258,109.9
1263,107.4
1264,108.4
1269,105.2
1270,107.3
1275,92.4
1276,95.8
1281,101.3
1282,101.3
1287,95.7
1288,108.6
1293,102.3
1294,100
1299,97.4
1300,100.9
1305,101.1
1306,102.2
1311,105.7
1312,102.6
1317,103.5
1318,101.8
1323,101.6
1324,100.8
1329,103.9
1330,105
1335,104.5
1336,102.9
1341,101.1
1342,102.2
1347,105.6
1348,104.9
1353,111.4
1354,102.5
1359,100
1360,121.6
1365,106.3
1366,100
1371,100.4
1372,100.4
1377,101.2
1378,100
1383,99.6
1384,98.8
1389,105.2
1390,103.9
1395,101.7
1396,100
1401,106.9
1402,99.2
1407,103.4
1408,107.9
1413,104.5
1414,109
1419,103.4
1420,108.5
1425,101.8
1426,108.9
1431,106.7
1432,106.7
1437,97.6
1438,95.2
1443,104.2
1444,101.4
1449,103.3
1450,104.9
1534,104.6
1455,106.2
1460,96
1461,94.1
1582,101.8
1466,105.4
1471,101.6
1583,98.4
1476,98.6
1477,101.4
1482,106.6
1483,104.2
1488,97.1
1489,102.9
1494,103.4
1495,103.4
1500,107.5
1501,103
1506,102.3
1507,102.3
1512,103
1513,104.7
1518,107.5
1519,102.5
1524,104.1
1525,104.1
1530,96
1531,90.7
1608,99
1537,100
1542,94.5
1543,92.9
1548,100
1549,98.2
1554,101.9
1555,104.4
1560,97.7
1561,100
1566,107.8
1567,105.9
1572,99.5
1573,97.6
1578,101.9
1579,104.3
1586,103.5
1587,103.5
1592,112.8
1593,110.3
1598,98.6
1599,99.5
1604,82.4
1605,78.4
1611,90.7
1612,93.9
1617,109.4
1618,108.4
1623,94.5
1624,93.3
1629,120
1630,115.9
1635,105.1
1636,103.7
1641,124.8
1642,124
1647,98.6
1648,100.7
1653,97.4
1654,91.2
1659,101.5
1660,103.2
1664,106.5
1665,104.6
1670,102.9
1671,97.1
1676,100.5
1677,97.4
1683,100.8
1684,106.8
1689,101.7
1690,102.9
1695,91.9
1696,100
1701,100.6
1702,96.1
1706,99.2
1724,101.7
1710,133.8
1711,139.9
1716,102.2
1715,98.4
1750,88.7
1720,94.4
1728,107
1727,101.3
1733,114.4
1732,108.3
1738,107.6
1739,107.6
1744,94.7
1745,107.1
1755,100
1756,101.9
1760,85
1761,89.3
1766,96.3
1767,100.3
1772,106
1773,111.4
1778,103.8
1779,104.8
1784,106.3
1785,104.2
1790,107.9
1791,106.9
1796,149.8
1797,152.2
1802,102.3
1803,106.5
1808,108.8
1809,105.7
1814,103.5
1815,102.2
1820,106.3
1821,109.7
1826,105.5
1827,107.9
1832,87.5
1833,98.5
1838,99.6
1839,100.4
1844,97.3
1845,110.9
1850,97.1
1851,91.4
1856,101.2
1857,97.5
1862,105.8
1863,104.5
1868,103.7
1961,97.5
1874,104.3
1875,102.9
1880,97.3
1881,101.7
1976,100.4
1977,98.8
1888,100.8
1889,89.2
1894,92.7
1895,94.3
1900,96.3
1901,90.9
1906,91.7
1907,98.3
1912,104.1
1913,95.9
1918,104.3
1919,102.6
1924,101.5
1925,95.6
1930,102.4
1931,114.2
1936,109
1937,103
1942,122.3
1943,108.9
1948,108.7
1949,104.3
1954,108.1
1955,106.3
1959,101.6
1979,98.4
1964,116.3
1965,101.3
1970,103.7
1971,85
1983,104.9
1984,111.7
1989,111.5
1990,107.1
1995,101.4
1996,104.7
2001,97.7
2002,103.4
2007,101.2
2008,99.6
2013,101
2014,101.4
2019,104.3
2020,103.4
2025,105.2
2026,105.7
2031,105.8
2032,104.8
2039,101.7
2040,101.7
2047,99.9
2048,100.4
2055,103.4
2056,103.7
2063,104.8
2064,104.8
2069,103.9
2070,105.1
2077,103.8
2078,104.1
2084,107.1
2085,107.1
2092,103
2093,102.2
2100,102
2101,100.8
2108,102.3
2109,101.5
2116,100.9
2117,100.3
2124,96.7
2125,97.2
2132,96.6
2133,97.8
2141,102.9
2142,102.6
2147,100.2
2148,99.3
2155,104
2156,103.6
2163,101
2164,101.5
2171,99.1
2172,100.4
2179,100
2180,100.9
2187,98.4
2188,98.4
2195,100
2196,100.4
2203,103.9
2204,102.5
2211,100.5
2212,100
2219,103.9
2220,104.8
2227,104
2228,104.4
2235,104.3
2236,104.7
2243,103.8
2244,106
2251,101.1
2252,102.8
2259,103.8
2260,102.2
2267,100.4
2268,99.2
2275,104.2
2276,104.2
2283,103.7
2284,103.1
2291,101.3
2292,101.3
2299,102.8
2300,102.5
2307,100.2
2308,100.6
2315,101.6
2316,100.9
2323,100.5
2324,101.3
2331,100.5
2332,101.6
2339,102.7
2340,102.7
2347,102.6
2348,103.4
2355,97.2
2356,99.6
2363,101.2
2364,101.2
2371,99.4
2372,99.4
2379,99.3
2380,98.9
7,100.3
8,100.5
15,99.7
16,100
23,99.7
24,100
31,101.2
32,100.4
39,100.7
64,100.4
46,99.8
47,100.1
54,99.7
55,99.7
62,99.9
63,100.4
71,101
72,100.9
79,100.1
80,100.3
87,100
88,99.8
95,100.1
96,100.7
1051,99.4
103,100.1
108,99.9
109,99.7
115,99.5
116,99.2
123,100
124,100.6
161,102.2
132,103.6
133,103.3
140,104.4
141,103.4
148,108.5
149,108.3
154,102.6
155,102.8
162,101.9
171,99.6
172,100.1
179,100.1
180,100.1
187,100.3
188,100.7
195,100.2
196,100.5
203,100.5
204,99.5
211,100.2
212,100
219,100.9
220,100.6
227,101.2
228,100.6
235,105.8
236,106
243,101.4
242,100.5
250,101.2
251,101.9
258,102.5
259,101.7
263,100.2
264,100.2
271,100.2
545,100.3
278,100.2
279,100.9
290,99.9
291,100.5
298,100
299,100.4
306,101.3
307,100.9
313,100.3
314,100.3
321,99.2
322,100.5
329,101.6
330,100.5
337,101.5
338,100.2
345,100.3
346,100.3
353,100.3
354,99.7
361,100
1055,100.5
368,99.6
369,100.4
376,100.4
377,100.6
384,99.4
385,100.1
392,99.8
393,99.8
400,100.2
401,100.8
408,99.8
409,100.2
416,100.8
417,100.5
423,99.9
424,100.5
431,100.3
432,98.6
439,100.8
440,101.8
447,100.6
448,100.2
455,99.6
456,99.6
463,100
464,100.7
471,99.6
472,99.8
479,99.9
480,100.4
487,100.2
488,101
495,100.6
496,100.1
503,100.6
504,99.7
511,99.4
512,100.3
519,99.5
520,99.8
527,99.8
528,100
535,100
536,100
543,96.2
544,95.3
554,100
555,101
562,100.5
563,100
566,101
567,100.1
574,98.5
575,99
856,100.3
582,100.1
589,100.9
590,99.8
597,99.4
598,100.8
604,100.5
605,100.3
612,99.9
613,100.8
620,100.5
621,100.2
628,99.5
629,100.2
636,100
637,100.4
644,100
645,100.3
652,100.2
653,100.7
660,100.7
661,100.7
668,99.8
669,100
676,100.4
677,100.4
684,101.8
685,101.6
692,100.5
693,100.2
700,100.3
701,100.7
708,103.3
709,103.6
716,100.8
717,101.4
724,100.5
725,100.3
732,100.1
733,100.2
740,101.4
741,100.5
748,101.2
749,101.2
756,102.9
757,102.7
764,100.3
765,100.7
772,101.2
773,101
780,102.2
781,101.7
788,99.1
789,99.7
796,100.4
797,101.7
804,102.9
805,102.2
812,98.9
813,99.8
820,101.6
821,99.5
828,102
829,102
836,99.6
837,100
844,100.5
845,101.2
852,101.3
853,100.8
859,101
858,101.2
866,100.1
867,100.4
874,99.5
875,100.5
885,98
886,99.8
893,100.6
894,101.2
901,102.3
902,102.1
909,100.2
910,100.2
917,100.9
918,100.9
925,100.5
926,100.2
933,99.8
934,99.8
941,100.6
942,100.6
949,100.2
950,99.8
957,99.7
958,100
965,99.6
966,99
973,97.1
974,96.8
981,97.9
982,100.2
989,100.8
990,99.7
997,100
998,100.2
1005,99.1
1006,98.5
1013,98.7
1014,98.9
1021,98.4
1022,98.4
1029,98.2
1030,100.2
1037,100.3
1038,100.8
1045,98.8
1046,99.5
1062,100.3
1063,100.3
1070,101
1071,100.8
1078,101
1079,100.1
1086,99.9
1087,100.1
1094,100.5
1095,101.1
1102,101.1
1103,101.3
1110,99.1
1111,100.4
1117,99.9
1118,100.5
1125,101.6
1126,101.8
1133,100.9
1134,100.6
1141,100.9
1142,100.9
1149,102.3
1150,102.3
1157,104.4
1158,113.3
1163,103.8
1164,98.1
1169,98.9
1170,108
1175,98.8
1176,101.2
1181,106.8
1182,112.2
1187,102.3
1200,104.6
1192,92.7
1193,100
1198,114.8
1199,112.8
1205,102.8
1206,100
1211,101.4
1212,104.1
1217,116.3
1218,116.3
1223,106.2
1224,108.2
1229,107
1230,102.3
1235,101.5
1236,119.3
1241,235
1242,244.7
1247,108.9
1248,101
1253,116.5
1254,116.5
1259,109.5
1260,107.4
1265,96.9
1266,101
1271,90.8
1272,87.4
1277,75.2
1278,67.3
1283,100
1284,100
1289,97.7
1290,97.7
1295,97.4
1296,99.1
1301,90.2
1302,89.1
1307,104.7
1308,102.6
1313,91.2
1314,89.5
1319,103.3
1320,104.1
1325,102.8
1326,101.7
1331,105.3
1332,103.7
1337,100
1338,101.1
1343,104.9
1344,104.9
1349,93.7
1350,95
1355,121.6
1356,89.2
1361,90.5
1362,92.1
1367,96.1
1368,96.1
1373,62.5
1374,56.6
1379,102
1380,98
1385,94.8
1386,90.8
1391,102.6
1392,100.9
1397,102.3
1398,94.7
1403,125.8
1404,123.6
1409,179.1
1410,183.6
1415,117
1416,110.2
1421,108.9
1422,110.7
1427,106.7
1428,106.7
1433,100
1434,90.4
1439,107.1
1440,107.1
1445,109.8
1446,108.2
1451,110.8
1452,106.2
1456,92.1
1457,88.1
1462,99.4
1463,101.8
1467,77.6
1468,72.8
1472,101.4
1473,99.5
1478,99.4
1479,101.8
1484,99
1485,103.9
1490,111.2
1491,108.9
1496,104.5
1497,107.5
1502,67.6
1503,56.1
1508,104.7
1509,106.5
1514,108.8
1515,105
1520,99.4
1521,98.2
1526,89.3
1527,80
1532,105.1
1533,104.1
1538,82
1539,80.4
1544,99.1
1545,97.2
1550,89.2
1551,89.2
1556,98.9
1557,98.9
1562,72.7
1563,68.8
1568,105.3
1569,102.4
1574,93.2
1575,94.4
1580,112.1
1581,112.1
1588,137.6
1589,155
1594,98.6
1595,99.5
1600,62.7
1601,58.8
1606,83.6
1607,86.8
1613,84.3
1614,73.8
1619,83.4
1620,92
1625,69.7
1626,77.9
1631,105.9
1632,107.3
1637,110.8
1638,112.4
1643,97.3
1644,97.9
1649,104.4
1650,97.4
1655,103.8
1656,103.2
1661,103.7
1662,104.6
1666,100
1667,97.1
1672,101.6
1673,97.4
1678,91.7
1679,93.2
1685,73.1
1686,69.7
1691,116.2
1692,96
1697,77.2
1698,73.9
1703,104.2
1704,110.1
1725,138.7
1707,138.7
1712,105.4
1713,104.8
1749,103.8
1717,102.8
1721,100.3
1722,99.7
1730,102.3
1729,98.5
1735,96.3
1734,100.8
1740,97.3
1741,103.5
1746,96.2
1747,98.7
1871,91.4
1757,98.9
1762,103.1
1763,102
1768,124.8
1769,122.8
1774,106.8
1775,111.8
1780,114.8
1781,116.2
1786,107.4
1787,107.4
1792,101.6
1793,101.6
1798,101.3
1799,106
1804,100.4
1805,101.9
1810,103.5
1811,104
1816,105.7
1817,105.7
1822,106.5
1823,106.5
1828,88.9
1829,96.3
1834,99.3
1835,101
1840,95.5
1841,99.1
1846,102.9
1847,93.3
1852,102.5
1853,97.5
1858,95.5
1859,99.4
1864,53.4
1865,54.6
1869,104.7
1870,102.5
1876,103.2
1877,97.8
1882,105
1883,102.1
1884,103.1
1885,87.5
1890,92.4
1891,89.8
1896,97.8
1897,92.3
1902,95
1903,95
1908,62.7
1909,116.6
1914,109.5
1915,109.5
1920,116.2
1921,104.4
1926,90.5
1927,97.6
1932,115
1933,121.1
1938,111.2
1939,115.6
1944,108.7
1945,104.3
1950,111.7
1951,104.5
1956,114.8
1978,104.9
1960,101.3
1980,106.3
1966,70.1
1967,58.9
1972,106.6
1973,107.1
1985,100.9
1986,104.4
1991,115.2
1992,116.4
1997,136.5
1998,146.3
2003,100.8
2004,99.2
2009,77.5
2010,78.5
2015,98.9
2016,94.8
2021,104.1
2022,104.1
2027,94.2
2028,94.7
2033,101.7
2034,102.9
2041,100.1
2042,100.7
2049,104
2050,104
2057,104.8
2058,102.7
2065,103.5
2071,97.1
2072,108
2079,108
2086,101.9
2087,103
2094,101.1
2095,100.5
2102,100.3
2103,100.5
2110,100.9
2111,100.3
2118,95.8
2119,94.4
2126,55.8
2127,-6.3
2134,99.8
2136,100.2
2149,100.9
2150,101.7
2157,101
2158,101
2165,99.1
2166,100
2173,97.4
2174,100.9
2181,94.9
2182,96.8
2189,97.1
2190,97.1
2197,99.3
2198,102.1
2205,99
2206,100.5
2213,106.2
2214,107.6
2221,104.4
2222,105.2
2229,104.3
2230,106.3
2237,102
2238,102
2245,98.9
2246,100.2
2253,99.8
2254,99.8
2261,94.5
2262,96.1
2269,101.4
2270,101.4
2277,95.6
2278,97.3
2285,99.3
2286,99
2293,95.7
2294,96.1
2301,101.8
2302,101
2309,101.9
2310,101.6
2317,100.9
2318,101.3
2325,98.9
2326,100.5
2333,100.5
2334,100.5
2341,103.4
2342,104.3
2349,97.2
2350,97.2
2357,98.8
2358,100.6
2365,98.7
2366,100.2
2373,97.8
2374,97.8
2381,
2382,
2383,100
2384,100
2391,100.3
2392,99.7
2399,99.7
2400,100.3
2429,99.9
2428,100.1
2412,100.1
2413,99.9
2420,99.7
2421,100.3
2431,99.9
2432,100.1
2439,100.1
2440,99.9
2447,99.7
2448,100.3
2472,100
2456,100.3
2457,99.7
2464,100.3
2465,99.7
2471,100
2478,99.9
2479,100.1
2486,100.1
2487,99.9
2494,99.8
2495,100.2
2502,99.7
2503,100.3
2510,100.1
2511,99.9
2518,100.2
2519,99.8
2526,100.1
2527,99.9
2534,99.6
2535,100.4
2542,100.2
2543,99.8
2550,99.9
2551,100.1
2558,99.8
2559,100.2
2566,99.6
2567,100.4
2574,99.7
2575,100.3
2582,100.1
2583,99.9
2590,100
2591,100
2598,99.6
2599,100.4
2606,100.1
2607,99.9
2614,99.8
2615,100.2
2622,100
3437,100
2628,101.2
2629,98.8
2636,100.3
2637,99.7
2644,100
2645,100
2652,100.1
2653,99.9
2660,99.9
2661,100.1
2668,100
2669,100
2676,101.5
2677,98.5
2684,100.1
2685,99.9
2692,100.1
2693,99.9
2699,99.4
2700,100.6
2707,99.3
2708,100.7
2715,99.6
2716,100.4
2722,100.3
2723,99.7
2730,99.9
2731,100.1
2741,99.7
2742,100.3
2749,99.3
2750,100.7
2757,100.4
2758,99.6
2765,100.4
2766,99.6
2773,99.5
2774,100.5
2781,100.9
2782,99.1
2789,100
2790,100
2797,99.4
2798,100.6
2805,100.7
2806,99.3
2813,99.8
2814,100.2
2816,99.7
2817,100.3
2824,100.4
2825,99.6
2832,99.9
2833,100.1
2845,100.2
2846,99.8
2853,99.7
2854,100.3
2905,99.9
2904,100.1
2864,100.2
2865,99.8
2872,99.7
2873,100.3
2880,100.4
2881,99.6
2888,100.3
2889,99.7
2896,100.3
2897,99.7
2909,100.3
2910,99.7
2917,100.2
2918,99.8
2925,101.4
2926,98.6
2932,99.3
2933,100.7
2940,100
2941,100
2948,99.3
2949,100.7
2956,100.2
2957,99.8
2964,99.6
2965,100.4
2972,99
2973,101
2980,100.2
2981,99.8
2988,99.8
2989,100.2
2996,99.9
2997,100.1
3004,99.9
3005,100.1
3012,99.7
3013,100.3
3020,99
3021,101
3029,100
3030,100
3037,100.5
3038,99.5
3045,100.2
3046,99.8
3053,100
3054,100
3061,99.8
3062,100.2
3069,99.6
3070,100.4
3077,99.9
3078,100.1
3085,99.2
3086,100.8
3093,100.3
3094,99.7
3101,100.1
3102,99.9
3109,101.1
3110,98.9
3117,100.4
3118,99.6
3125,100.2
3126,99.8
3133,99.9
3134,100.1
3141,100.7
3142,99.3
3149,100.1
3150,99.9
3157,99.4
3158,100.6
3165,99.6
3166,100.4
3173,100
3174,100
3181,99.7
3182,100.3
3189,99.7
3190,100.3
3197,99.8
3198,100.2
3205,100
3206,100
3213,99.3
3214,100.7
3221,100.3
3222,99.7
3229,99.2
3230,100.8
3237,99.5
3238,100.5
3245,99.9
3246,100.1
3253,99.5
3254,100.5
3261,99.6
3262,100.4
3269,99.8
3270,100.2
3277,99.7
3278,100.3
3285,100.4
3286,99.6
3293,100
3294,100
3301,99.8
3302,100.2
3309,99.4
3310,100.6
3317,99.7
3318,100.3
3325,99.8
3326,100.2
3333,100
3334,100
3341,99.8
3342,100.2
3349,99.9
3350,100.1
3357,100.1
3358,99.9
3365,99.9
3366,100.1
3372,100
3373,100
3380,100.6
3381,99.4
3388,100
3389,100
3397,100.2
3398,99.8
3405,99.8
3406,100.2
3413,100.1
3414,99.9
3421,100.2
3422,99.8
3429,99.4
3430,100.6
3462,99.9
3445,100.1
3441,99.3
3442,100.7
3454,99.9
3455,100.1
3463,100
3701,100
3470,99.7
3471,100.3
3478,99.7
3479,100.3
3486,99.8
3487,100.2
3494,99.3
3495,100.7
3502,99.9
3503,100.1
3510,99.9
3511,100.1
3518,100
3519,100
3526,100
3527,100
3534,99.8
3535,100.2
3542,100
3543,100
3550,99.8
3551,100.2
3558,99.5
3559,100.5
3566,99.8
3567,100.2
3574,99.3
3575,100.7
3582,100
3583,100
3590,99.8
3591,100.2
3598,99.5
3599,100.5
3618,99.9
3619,100.1
3610,99.9
3611,100.1
3622,100
3623,100
3630,99.7
3631,100.3
3638,100.9
3639,99.1
3646,100.1
3647,99.9
3654,99.9
3655,100.1
3662,98.8
3663,101.2
3670,99.6
3671,100.4
3678,99.6
3679,100.4
3685,100.5
3686,99.5
3693,99.9
3694,100.1
3703,100
3704,100
3711,100.2
3712,99.8
3719,100.4
3720,99.6
3727,100.3
3728,99.7
3735,100.3
3736,99.7
3743,100.3
3744,99.7
3751,99.6
3752,100.4
3759,99.5
3760,100.5
3767,99.6
3768,100.4
3775,100
3776,100
3783,100.5
3784,99.5
3791,100.8
3792,99.2
3799,99.5
3800,100.5
3807,100.1
3808,99.9
3815,99.4
3816,100.6
3823,100
3824,100
3831,99.9
3832,100.1
3839,99.7
3840,100.3
3846,99.7
3847,100.3
3854,100
3855,100
3862,99.2
3863,100.8
3870,99.9
3871,100.1
3878,100.1
3879,99.9
3886,100.2
3887,99.8
3894,99.9
3895,100.1
3902,100.1
3903,99.9
3910,99.2
3911,100.8
3918,100
3919,100
3926,99.7
3927,100.3
3934,100.2
3935,99.8
3942,100
3943,100
3950,100.1
3951,99.9
3958,100.1
3959,99.9
3966,99.6
3967,100.4
3974,99.7
3975,100.3
3982,100.2
3983,99.8
3990,99.9
3991,100.1
3998,99.5
3999,100.5
4008,100
4007,100
4014,100
4015,100
4022,99.4
4023,100.6
4030,99.9
4031,100.1
4038,100.2
4039,99.8
4046,100.2
4047,99.8
4054,99.9
4055,100.1
4061,99.9
4062,99.8
4063,100.2
4068,100.5
4069,99.5
4076,100.4
4077,99.6
4084,100.1
4091,99.9
4092,100.1
4099,100.4
4100,99.6
4107,99.8
4108,100.2
4114,99.7
4115,100.3
4122,100.9
4123,99.1
4146,99.9
4147,100.1
4131,99.6
4322,100.4
4138,99.9
4139,100.1
4152,100.2
4153,99.8
4160,99.9
4161,100.1
4168,99.4
4169,100.6
4176,100.2
4177,99.8
4184,100.1
4185,99.9
4192,101.6
4193,98.4
4200,99.9
4201,100.1
4207,99.6
4208,100.4
4215,100
4216,100
4225,100.1
4226,99.9
4233,100.2
4234,99.8
4241,100.3
4242,99.7
4250,99.7
4251,100.3
4258,100.1
4259,99.9
4266,99.9
4267,100.1
4274,99.8
4275,100.2
4282,100.1
4283,99.9
4290,99.9
4291,100.1
4298,100.4
4299,99.6
4306,99.8
4307,100.2
4314,100.4
4315,99.6
4323,100
4324,100
4331,100.2
4332,99.8
4339,100.1
4340,99.9
4347,100.1
4348,99.9
4355,99.5
4356,100.5
4363,101
4364,99
4371,99.6
4372,100.4
4379,99.8
4380,100.2
4387,99.9
4388,100.1
4397,100.4
4398,99.6
4405,100.2
4406,99.8
4413,100.5
4414,99.5
4421,100.3
4422,99.7
4429,100
4430,100
4437,99.5
4438,100.5
4445,99.6
4446,100.4
4453,100.3
4454,99.7
4461,99.9
4462,100.1
4469,100.1
4470,99.9
4477,99.8
4478,100.2
4485,100.2
4486,99.8
4493,99.8
4494,100.2
4501,99.8
4502,100.2
4509,99.1
4510,100.9
4517,99.7
4518,100.3
4525,99.5
4526,100.5
4533,99.5
4534,100.5
4541,99.7
4542,100.3
4549,100
4550,100
4557,99.4
4558,100.6
4565,99.7
4566,100.3
4573,99.5
4574,100.5
4581,100
4582,100
4589,99.6
4590,100.4
4597,100.2
4598,99.8
4605,100.4
4606,99.6
4613,99.4
4614,100.6
4621,100.2
4622,99.8
4629,99.5
4630,100.5
4637,99.9
4638,100.1
4645,99.5
4646,100.5
4653,99.8
4654,100.2
4661,99.4
4662,100.6
4669,99.9
4670,100.1
4677,98.8
4678,101.2
4685,99.9
4686,100.1
4693,99.7
4694,100.3
4701,99.8
4702,100.2
4709,100.2
4710,99.8
4717,99.5
4718,100.5
4725,99.6
4726,100.4
4734,100
4735,100
4742,99.9
4743,100.1
4750,100.9
4751,99.1
4758,100
4759,100
4766,99.7
4767,100.3
4774,100
4775,100
4782,99.6
4783,100.4
4790,99.8
4791,100.2
4798,99.2
4799,100.8
4806,100
4807,100
4814,99.9
4815,100.1
4822,99.5
4823,100.5
4830,99.8
4831,100.2
4838,99.4
4839,100.6
4846,100.3
4847,99.7
4855,100.6
4856,99.4
4863,99.8
4864,100.2
4871,99.8
4872,100.2
4879,99.4
4880,100.6
4887,99.7
4888,100.3
4895,100.7
4896,99.3
4903,99.8
4904,100.2
4911,99.6
4912,100.4
4919,99.5
4920,100.5
4927,100.1
4928,99.9
4935,99.9
4936,100.1
4943,100
4944,100
4951,100.2
4952,99.8
4959,99.7
4960,100.3
4967,99.6
4968,100.4
4975,100
4976,100
4983,100.1
4984,99.9
4991,99.6
4992,100.4
4999,98.9
5000,101.1
5007,98.3
5008,101.7
5015,98.6
5016,101.4
5023,99.9
5024,100.1
5031,99.9
5032,100.1
5039,99.7
5040,100.3
5047,99.6
5048,100.4
5055,99.5
5056,100.5
5063,99.4
5064,100.6
5071,99.6
5072,100.4
5079,100.4
5080,99.6
5087,99.2
5088,100.8
5095,100
5096,100
5103,100
5104,100
5111,100
5112,100
5119,100
5120,100
5127,99.8
5128,100.2
5135,99.4
5136,100.6
5143,100
5144,100
5151,99.8
5152,100.2
5159,99.5
5160,100.5
5167,99.7
5168,100.3
5175,99.9
5176,100.1
5183,99.9
5184,100.1
5191,99.9
5192,100.1
5199,99.4
5200,100.6
5207,99.8
5208,100.2
5215,100.1
5216,100
5223,100.1
5224,99.9
5231,100.3
5232,99.7
5238,100.2
5239,99.8
5246,99.5
5247,100.5
5254,100.2
5255,99.8
5262,100
5263,100
5270,99.9
5271,100.1
5278,99.9
5279,100.1
5286,100
5287,100
5294,99.8
5295,100.2
5302,99.5
5303,100.5
5310,99.8
5311,100.2
5318,99.8
5319,100.2
5326,99.7
5327,100.3
5335,100.4
5336,99.6
5343,100.5
5344,99.5
5351,100.3
5352,99.7
5357,99.9
5358,100.1
5365,99.9
5366,100.1
5373,100.2
5374,99.8
5381,99
5382,101
5389,99.9
5390,100.1
5397,101.2
5398,98.8
5405,99.9
5406,100.1
5413,100.3
5414,99.7
5421,100.2
5422,99.8
5429,99.8
5430,100.2
5437,100.4
5438,99.6
5445,100.7
5446,99.3
5453,100
5454,99.7
5455,100.3
5462,99.7
5463,100.3
5470,99.4
5471,100.6
5478,100
5485,99.8
5486,100.2
5493,97.2
5494,102.8
5501,99.2
5502,100.8
5509,98.7
5510,101.3
5517,101.5
5518,98.5
5525,99.8
5526,100.2
5533,99.9
5534,100.1
5541,100.2
5542,99.8
5549,99.5
5550,100.5
5557,100
5558,100
5565,98.5
5566,101.5
5575,99.6
5576,100.4
5583,100.5
5584,99.5
5590,101
5591,99
5598,99.9
5599,100.1
5606,100
5607,100
5614,99.9
5615,100.1
5623,99.8
5624,100.2
5629,99.9
5630,100.1
5637,99.4
5638,100.6
5643,100.1
5644,99.9
5647,99.8
5648,100.2
5651,99.5
5652,100.5
5655,100
5656,100
2385,99.9
2386,100.2
2393,98.7
2394,98.4
2401,101.5
2402,100.9
2407,100.7
2430,100.6
2414,100.7
2415,100.6
2422,101.1
2423,100.4
2433,100.9
2434,100.6
2441,100.2
2442,100.1
2449,100
2450,100.7
2474,100.9
2458,100.4
2459,100.5
2466,99.8
2467,100.5
2473,100.4
2480,100.9
2481,100.4
2488,100.8
2489,101.1
2496,99.3
2497,99.9
2504,100.3
2505,100.3
2512,99.2
2513,98.7
2520,97.8
2521,98.2
2528,99.9
2529,98.8
2536,100.4
2537,99.9
2544,98.9
2545,100
2552,100.7
2553,99.7
2560,100.7
2561,100.5
2568,100.3
2569,99.8
2576,99.7
2577,99.8
2584,100.1
2585,100
2592,99.4
2593,98.6
2600,100.3
2601,99.6
2608,99.8
2609,100.3
2616,100.2
2617,98.5
2623,99.3
2624,97
2630,100.4
2631,100.5
2638,101
2639,99.2
2646,100
2647,99.3
2654,99.8
2655,100
2662,99.5
2663,100.3
2670,98.6
2671,98.2
2678,99.8
2679,99.8
2686,100.8
2687,100.4
2694,100
2695,99.9
2701,99.1
2702,99.9
2709,100.4
2710,101.2
2740,100
2717,99.4
2724,100.5
2725,100.3
2732,99.9
2733,100.2
2743,99
2744,100.3
2751,102.4
2752,103.1
2759,101.2
2760,100.8
2767,100.4
2768,99
2775,100.5
2776,98.9
2783,101.7
2784,98.5
2791,100.2
2792,100.7
2799,100.8
2800,99.5
2807,101.6
2808,100.8
2815,100
2840,99.6
2818,100.1
2819,99.9
2826,101.4
2827,99.6
2834,99.1
2835,96.5
2847,101.1
2848,100.4
2855,101.3
2856,100.3
2907,100.1
2906,100.9
2866,99.8
2867,100.3
2874,101.5
2875,100.8
2882,100.5
2883,100.8
2890,100.3
2891,100.6
2898,100.1
2899,100.2
2911,100
2912,99.7
2919,98
2920,97.8
2927,99.6
2928,97.4
2934,99.5
2935,100.2
2942,100.3
2943,100.8
2950,100.8
2951,98.2
2958,99.5
2959,99.8
2966,99.9
2967,100.5
2974,100.7
2975,100.9
2982,100.1
2983,100.1
2990,100.3
2991,100.3
2998,100.1
2999,100.1
3006,100
3007,100.7
3014,98.9
3015,100.2
3022,95.2
3023,98.2
3031,100.2
3032,99.8
3039,100.8
3040,99.9
3047,101.7
3048,101.8
3055,100.9
3056,101.2
3063,99.7
3064,99.9
3071,99.4
3072,99.4
3079,100.5
3080,100.9
3087,100
3088,102.5
3095,102.1
3096,101.5
3103,99.9
3104,99.4
3111,101.2
3112,99.4
3119,102.9
3120,99.4
3127,100.1
3128,100
3135,100.4
3136,100.8
3143,100.3
3144,100.3
3151,99.5
3152,100.1
3159,98.9
3160,99.6
3167,97.2
3168,98.4
3175,99.7
3176,100.4
3183,98.3
3184,98.5
3191,94.9
3192,94.5
3199,100.3
3200,100
3207,99.9
3208,100.5
3215,96.9
3216,98.1
3223,100.6
3224,100.3
3231,98.7
3232,99
3239,100.1
3240,101
3247,98.7
3248,99.6
3255,99.9
3256,101.9
3263,98
3264,99.3
3271,100.1
3272,99.8
3279,100.1
3280,101
3287,102.1
3288,101.8
3295,100.4
3296,100.7
3303,101.3
3304,101.2
3311,101.2
3312,99.5
3319,100
3320,100.3
3327,99.5
3328,99.5
3335,99.8
3336,99.4
3343,99.3
3344,99.6
3351,99.4
3352,100.3
3359,99.5
3360,98.3
3367,100
3368,100.8
3374,100.9
3375,100.6
3382,100.2
3383,100.3
3390,100.9
3391,100
3399,98.7
3400,99.5
3407,99.6
3408,98.6
3415,99.4
3416,99.4
3423,97.9
3424,98.8
3431,97
3432,97
3446,100.5
3447,101
3443,100.9
3444,100.6
3456,99.7
3457,100
3464,99.3
3465,99.7
3472,101.7
3473,101.4
3480,100.8
3481,100.1
3488,100.5
3489,100.1
3496,99.5
3497,99.5
3504,100.3
3505,100.9
3512,100.1
3513,100.1
3520,99.4
3521,99.4
3528,99.6
3529,99.9
3536,100.6
3537,101
3544,99.7
3545,100
3552,99.3
3553,100.1
3560,100.2
3561,100.2
3568,100.7
3569,100.2
3576,100.3
3577,101
3584,99.6
3585,99.9
3592,100
3593,99.7
3600,98.4
3601,98.8
3620,100.1
3621,100.3
3612,99.9
3613,99.5
3624,99.8
3625,99.7
3632,99.9
3633,99.5
3640,101.5
3641,101.2
3648,101.1
3649,101
3656,100.1
3657,99.7
3664,98.8
3665,100.3
3672,102.2
3673,101.8
3680,100.1
3681,100.4
3687,100.3
3688,100.9
3695,100.9
3696,100
3705,100.6
3706,100.2
3713,100.7
3714,100.7
3721,100.4
3722,100.2
3729,100.3
3730,100.3
3737,101
3738,100.8
3745,99.8
3746,100.1
3753,100.7
3754,101.2
3761,101.7
3762,102.2
3769,101.7
3770,102.5
3777,100.3
3778,100.3
3785,100.2
3786,100
3793,100.5
3794,99.4
3801,100.4
3802,101.2
3809,99.9
3810,100.2
3817,101.3
3818,101.9
3825,100.2
3826,101.1
3833,101.1
3834,101.7
3841,101.8
3842,102.1
3848,100.5
3849,100.5
3856,100.8
3857,102.1
3864,100.1
3865,100.5
3872,101.6
3873,101.1
3880,101.9
3881,101.5
3888,100.6
3893,99.9
3896,100.8
3897,100.5
3904,101
3905,101.3
3912,99.9
3913,100.4
3920,100.1
3921,100.6
3928,101.7
3929,99.5
3936,101.1
3937,100.3
3944,100.4
3945,100.5
3952,100.2
3953,100.8
3960,99.3
3961,99
3968,100
3969,99.8
3976,100.1
3977,100.4
3984,100.5
3985,99.8
3992,100.6
3993,101.2
4000,101.1
4001,101.4
4010,100.2
4009,101.3
4016,100.5
4017,100.2
4024,103.1
4025,103.8
4032,102.6
4033,102.9
4040,101.7
4041,101.4
4048,100.6
4049,100.1
4056,101.9
4057,102.7
4085,99.2
4064,100.7
4065,100.9
4070,102.1
4071,102.5
4078,101.8
4079,99.6
4086,99.6
4093,101.2
4094,102
4101,102.3
4102,101.6
4109,99.9
4110,100.2
4116,101.6
4117,100.6
4124,99.9
4125,98.6
4148,100.2
4149,100
4132,99.1
4133,100
4140,100.2
4141,100.4
4154,99.4
4155,100.1
4162,99.3
4163,100.9
4170,100.3
4171,100
4178,100.2
4179,99.6
4186,99.8
4187,99
4194,99.8
4195,97.4
4202,100.3
4203,101.1
4209,102.2
4210,101.8
4217,101.8
4218,101.3
4227,100.2
4228,100.5
4235,102.8
4236,102.9
4243,102.1
4244,103.4
4252,100.1
4253,100.1
4260,100.5
4261,100.3
4268,100.5
4269,101.4
4276,100
4277,100.5
4284,101.1
4285,101.6
4292,99.8
4293,99.9
4300,100.3
4301,100.9
4308,102
4309,101.3
4316,98.6
4317,98.5
4325,100.6
4326,100.5
4333,101.1
4334,101.1
4341,99.2
4342,99.3
4349,100.1
4350,100.7
4357,100.4
4358,102.6
4365,98.4
4366,99.7
4373,101.4
4374,100.1
4381,101.1
4382,100.6
4389,100.5
4395,101.2
4399,100.2
4400,100
4407,99.8
4408,101.2
4415,97
4416,98.6
4423,100.6
4424,101
4431,100.9
4432,101.1
4439,101.2
4440,101.1
4447,99.4
4448,100.2
4455,100.3
4456,100.1
4463,101.3
4464,100
4471,100.3
4472,99.5
4479,100.5
4480,100
4487,100.3
4488,100.4
4495,100.4
4496,99.7
4503,101.4
4504,102
4511,99.9
4512,101.6
4519,100.6
4520,100.6
4527,100.9
4528,101
4535,101
4536,101.2
4543,101.2
4544,101.6
4551,100.4
4552,102.3
4559,99.9
4560,100.7
4567,100.5
4568,99.9
4575,101.4
4576,100.3
4583,100
4584,100.7
4591,99.5
4592,100.1
4599,99.8
4600,101
4607,99.1
4608,99.5
4615,100.6
4616,100.4
4623,99.8
4624,100.2
4631,99.5
4632,99.1
4639,99.5
4640,99.6
4647,99.4
4648,99.2
4655,97.4
4656,98.6
4663,100.9
4664,101.1
4671,100.3
4672,99.6
4679,99.9
4680,103.9
4687,99.7
4688,100.6
4695,100.7
4696,101.1
4703,100.6
4704,100.7
4711,100.4
4712,100.2
4719,99.1
4720,100.6
4727,100.1
4728,100.3
4736,99.8
4737,100.5
4744,101.2
4745,101.5
4752,101.3
4753,101.3
4760,100.4
4761,100.4
4768,100.6
4769,100.8
4776,100.2
4777,100.8
4784,100
4785,100.2
4792,99.6
4793,100.6
4800,99.5
4801,99.8
4808,99.8
4809,99.8
4816,99.9
4817,100.8
4824,100.5
4825,101.3
4832,100.3
4833,100.4
4840,100
4841,102.5
4848,99.5
4849,100.7
4857,100.6
4858,100.5
4865,98.6
4866,99.2
4873,98.7
4874,99.3
4881,99
4882,99.4
4889,96.4
4890,95.7
4897,99.5
4898,98.3
4905,99.4
4906,100.5
4913,100.2
4914,100.4
4921,100.9
4922,100.6
4929,100.1
4930,100.2
4937,99.9
4938,100.1
4945,100.3
4946,100
4953,100.6
4954,100.7
4961,100.6
4962,100.8
4969,100.3
4970,99.9
4977,100.3
4978,100.2
4985,100
4986,100
4993,99.5
4994,100.1
5001,100.8
5002,100.8
5009,99.5
5010,99.9
5017,98.7
5018,99.6
5025,99.6
5026,99.7
5033,99.5
5034,99.8
5041,100
5042,99.5
5049,100
5050,100.7
5057,99.7
5058,100.6
5065,98.4
5066,99.5
5073,100.4
5074,100.4
5081,100.5
5082,100.5
5089,100
5090,100.7
5097,100.3
5098,100
5105,100.3
5106,99.8
5113,99.8
5114,99.9
5121,100.8
5122,100.1
5129,100.5
5130,100.3
5137,99.7
5138,100
5145,100.2
5146,100.4
5153,99.1
5154,99.8
5161,100.5
5162,100.7
5169,99.3
5170,100.6
5177,98.9
5178,99.8
5185,98
5186,98.8
5193,100.2
5194,100
5201,99
5202,99.5
5209,98.7
5210,97
5217,99.6
5218,100.1
5225,101.1
5226,101.4
5233,101.9
5234,101.7
5240,101
5241,101
5248,100.6
5249,100.7
5256,100.1
5257,101.1
5264,99.4
5265,99.7
5272,99.8
5273,99.5
5280,100.1
5281,99.9
5288,100.8
5289,100.9
5296,100.7
5297,100.8
5304,100.8
5305,100.8
5312,100.6
5313,100.8
5320,100.5
5321,100.6
5328,100
5329,99.8
5337,99.6
5338,99.8
5345,100.1
5346,100.4
5353,99.4
5354,99.3
5359,100
5360,100.3
5367,99.9
5368,100.8
5375,98.7
5376,98.1
5383,101
5384,101.4
5391,99.9
5392,100.3
5399,100.8
5400,98.7
5407,100.3
5408,100.2
5415,100.4
5416,100
5423,95.7
5424,95.6
5431,100.2
5432,100.1
5439,100.8
5440,100.9
5447,98
5448,98.7
5479,100.1
5456,99.9
5457,100.7
5464,101.2
5465,101.2
5472,97.8
5473,99
5480,101.6
5487,102
5488,102
5495,96.2
5496,98
5503,99.5
5504,100.6
5511,100
5512,100.7
5519,99.4
5520,100.9
5527,100.1
5528,100.2
5535,100.2
5536,100.7
5543,100.1
5544,99.8
5551,100.9
5552,101.1
5559,99.9
5560,100.9
5567,99.1
5568,100.8
5577,101
5578,101.3
5585,99.6
5622,96.5
5592,100.9
5593,98.5
5600,99.9
5601,99.4
5608,100.1
5609,99.9
5616,98.9
5617,99.6
5625,99.9
5626,100.8
5631,100.3
5632,100.2
5639,101.7
5640,102.7
5645,100.2
5646,100.7
5649,100.9
5650,101.5
5653,94.1
5654,94.9
5657,45.4
5658,38.8
2387,99.9
2388,100.5
2395,99.7
2396,100.1
2403,102.6
2404,101.3
2409,100.5
2408,100.2
2416,100.4
2417,101
2424,100.3
2425,100.3
2435,99.7
2436,99.9
2443,99.4
2444,99.7
2451,100.9
2452,102.1
2476,100.6
2460,101.4
2461,100.6
2468,102.1
2469,101.5
2475,100.7
2482,100
2483,100.4
2490,101
2491,101
2498,98.9
2499,100
2506,100.2
2507,100.2
2514,98.7
2515,100
2522,97.9
2523,99.1
2530,100.2
2531,100.2
2538,99.8
2539,99
2546,100.8
2547,100.7
2554,100.6
2555,100.2
2562,100.7
2563,100.8
2570,100.7
2571,100.6
2578,100.1
2579,100.1
2586,100.4
2587,99.7
2594,100.6
2595,100.1
2602,99.6
2603,99.5
2610,99.5
2611,98.8
2618,99.3
2619,96.8
3438,98
2625,98.6
2632,101
2633,100.7
2640,99.3
2641,99.1
2648,99.6
2649,100.4
2656,100
2657,99.7
2664,100.1
2665,100.1
2672,98.6
2673,98.9
2680,99.2
2681,99.4
2688,100.5
2689,101.1
2696,99.5
2697,98.7
2703,100.1
2704,100
2711,102.1
2712,101.2
2718,99.3
2719,99.6
2726,99.8
2727,100.8
2734,100.5
2735,100.3
2745,100.1
2746,100.6
2753,102.8
2754,102.4
2761,100.4
2762,101.4
2769,100.7
2770,100.1
2777,100.7
2778,99.1
2785,100.2
2786,100.2
2793,100.7
2794,100.4
2801,98.9
2802,99
2809,102.2
2810,102.2
2841,99.6
2842,99.6
2820,100
2821,99.7
2828,101.5
2829,100.1
2836,99.9
2837,99.1
2849,100.5
2850,100
2857,102.4
2858,102.6
2861,97.5
2908,97.8
2868,99.8
2869,100
2876,101.5
2877,101.1
2884,101.4
2885,101.4
2892,100.1
2893,100.8
2900,100.2
2901,99.7
2913,99.9
2914,99
2921,96.5
2922,95.8
2929,97.8
2930,95.8
2936,99.7
2937,100.2
2944,99.8
2945,99.9
2952,98.5
2953,98.8
2960,100.2
2961,99.6
2968,100.6
2969,101.3
2976,102.8
2977,102.5
2984,99.9
2985,100.5
2992,99.2
2993,100.9
3000,99.9
3001,100.5
3008,99
3009,100
3016,95.7
3017,97.1
3024,92.7
3025,95.4
3033,100.7
3034,100.1
3041,100
3042,99.8
3049,102
3050,101.1
3057,101.7
3058,101.1
3065,99.9
3066,99.2
3073,97.6
3074,96
3081,100.1
3082,101.4
3089,104.5
3090,104
3097,106.4
3098,104.7
3105,99.5
3106,99
3113,102.9
3114,99.9
3121,101.4
3122,100.9
3129,99.8
3130,100.4
3137,100.6
3138,100.6
3145,101.1
3146,101.7
3153,99.5
3154,98.9
3161,99.3
3162,98.7
3169,97.4
3170,99.5
3177,98.7
3178,99.8
3185,98.7
3186,98
3193,94.1
3194,94.4
3201,100
3202,99.9
3209,100.4
3210,100.7
3217,98.1
3218,98.3
3225,99.7
3226,100
3233,97.5
3234,96.4
3241,98.9
3242,100.1
3249,98
3250,100
3257,100.2
3258,101.5
3265,98.5
3266,99.7
3273,99.2
3274,99.8
3281,100.4
3282,99.8
3289,101.2
3290,100.9
3297,100.5
3298,100.6
3305,100.6
3306,99.6
3313,100.4
3314,99.1
3321,99.4
3322,100.1
3329,99.8
3330,99.5
3337,97.2
3338,99
3345,99.8
3346,99.6
3353,99.2
3354,99.6
3361,100
3362,100.3
3369,101
3370,101.2
3376,100.3
3377,99.6
3384,100.6
3385,100.8
3392,101.3
3393,100.4
3401,99.1
3402,99.3
3409,98.8
3410,98.8
3417,99.8
3418,100
3425,98.2
3426,100.2
3433,97.2
3434,99.5
3448,99.7
3449,100.5
3450,101.7
3451,101.5
3458,99.7
3459,99.2
3466,99.6
3467,99.8
3474,101.7
3475,101.5
3482,101.4
3483,101.1
3490,100
3491,100.2
3498,99.3
3499,100
3506,98.1
3507,97
3514,99.5
3515,99.7
3522,99.5
3523,98.5
3530,100.1
3531,100.8
3538,101.1
3539,100.8
3546,98.8
3547,99.8
3554,98.9
3555,99.6
3562,99.9
3563,100.5
3570,98.9
3571,99.9
3578,101.3
3579,102.4
3586,99.7
3587,99.9
3594,98.9
3595,98.8
3602,96.7
3603,96.4
3606,100.1
3607,100.4
3614,100.5
3615,100.1
3626,99.9
3627,100
3634,98.8
3635,100.1
3642,101.6
3643,100.8
3650,101.7
3651,100.4
3658,100.1
3659,99.4
3666,99.3
3667,100.2
3674,98.1
3675,100.4
3702,99.2
3682,99.6
3689,100.7
3690,100.6
3697,101.2
3698,100.8
3707,100.4
3708,100.6
3715,100.7
3716,101
3723,99.9
3724,99.6
3731,100.1
3732,100
3739,100.9
3740,101.6
3747,100.2
3748,101.1
3755,100.5
3756,100.6
3763,102.2
3764,102.9
3771,101.6
3772,101.3
3779,99.8
3780,99.6
3787,101
3788,100.8
3795,100.8
3796,99.7
3803,101
3804,101.1
3811,101
3812,101.4
3819,101.2
3820,101.6
3827,100.8
3828,101.1
3835,102.3
3836,102.1
3843,101.8
4249,102
3850,100.8
3851,100.9
3858,101
3859,101.1
3866,100.8
3867,101
3874,102.2
3875,101.6
3882,101.9
3883,103.4
3889,101.4
3890,101.2
3898,101
3899,101.1
3906,101.6
3907,101.3
3914,101
3915,101.4
3922,100.2
3923,100.7
3930,99.8
3931,101
3938,101.1
3939,100.3
3946,100.4
3947,101
3954,100.9
3955,101
3962,100.2
3963,101.4
3970,100.3
3971,100.8
3978,100.1
3979,100.9
3986,101.3
3987,102.2
3994,100.9
3995,101
4002,101.3
4003,100.6
4012,101
4011,102.4
4018,101
4019,101
4026,103.5
4027,104.4
4034,102
4035,101.7
4042,102.1
4043,102.4
4050,102.1
4051,102.1
4222,104.1
4058,105.2
4087,100.9
4223,102.1
4224,102.1
4072,102.4
4073,102.4
4080,100.3
4081,99.9
4088,101.3
4095,101.5
4096,102.6
4103,101.1
4104,101
4733,100.2
4111,100.1
4118,101.2
4119,101.7
4396,99.2
4126,98.6
4150,101.2
4151,101.1
4134,103.4
4135,102.4
4142,99.9
4143,101.7
4156,100.5
4157,100.7
4164,99.7
4165,100.2
4172,99.4
4173,100.6
4180,99.4
4181,100.1
4188,100.3
4189,99.1
4196,98.1
4197,97.7
4394,101
4204,101.1
4211,100.6
4212,101.1
4219,99.6
4220,100
4229,100.2
4230,100.4
4237,104.8
4238,104.3
4245,106.4
4246,107.1
4254,100.7
4255,100.1
4262,100.8
4263,101.1
4270,100.7
4271,101.7
4278,101.2
4279,101.2
4286,101.4
4287,101.5
4294,100.4
4295,100.5
4302,100.8
4303,100.4
4310,101.5
4311,101.7
4318,99.2
4319,99.6
4327,100.5
4328,101
4335,101.1
4336,101.5
4343,100.4
4344,100.7
4351,100.2
4352,99.9
4359,101.3
4360,102.3
4367,98.5
4368,98.3
4375,101.1
4376,101.9
4383,101
4384,101.7
4390,100.1
4391,100.7
4401,100.8
4402,101.3
4409,100.6
4410,100.2
4417,99.3
4418,98.5
4425,101.2
4426,101.3
4433,100.8
4434,100.5
4441,101
4442,100.9
4449,101
4450,100.5
4457,100.2
4458,100.4
4465,99.5
4466,99.6
4473,100.1
4474,100.4
4481,100.6
4482,101
4489,100.5
4490,100.3
4497,100.8
4498,101.6
4505,101.2
4506,102.6
4513,100.8
4514,101.5
4521,100.8
4522,100.5
4529,101.2
4530,101.9
4537,101.6
4538,100.6
4545,100.5
4546,101.2
4553,101.3
4554,102.2
4561,100.1
4562,100.7
4569,100.4
4570,100.3
4577,100.9
4578,100.8
4585,99.7
4586,100.6
4593,98
4594,99.1
4601,99.6
4602,99.9
4609,97.6
4610,97.7
4617,99.8
4618,101
4625,99.9
4626,99.7
4633,98.5
4634,98.9
4641,99
4642,99.3
4649,98
4650,98.3
4657,97.4
4658,97.9
4665,101.5
4666,101
4673,100.4
4674,101
4681,100.8
4682,101.8
4689,101.3
4690,101
4697,101
4698,100.8
4705,100.6
4706,100.6
4713,99.9
4714,98.5
4721,100.4
4722,100.9
4729,100.4
4730,101.3
4738,100
4739,100.8
4746,100.8
4747,101.5
4754,100.1
4755,101.5
4762,100.3
4763,100.5
4770,100.5
4771,101.4
4778,101.5
4779,100.8
4786,98.7
4787,99.4
4794,100.9
4795,101.1
4802,99.3
4803,100.1
4810,99.7
4811,100.3
4818,100.7
4819,100.6
4826,100.8
4827,101.5
4834,99.7
4835,101.5
4842,101.8
4843,103
4850,98.9
4851,100.1
4859,99.4
4860,99
4867,101.2
4868,101.7
4875,100.1
4876,99.6
4883,101.3
4884,100.9
4891,98.2
4892,96.3
4899,98.5
4900,100.8
4907,100.5
4908,100.3
4915,100.2
4916,100.4
4923,100.3
4924,101.7
4931,100.3
4932,100.4
4939,99.1
4940,100
4947,99.7
4948,100
4955,100.5
4956,100.7
4963,100.1
4964,100.5
4971,100.1
4972,100.3
4979,100.7
4980,100.8
4987,99.2
4988,100.4
4995,99.3
4996,99.5
5003,100.4
5004,100.6
5011,99.9
5012,100.3
5019,98.2
5020,99
5027,99.9
5028,99.7
5035,100.2
5036,100.8
5043,99.6
5044,100
5051,100
5052,100.4
5059,99.3
5060,100.2
5067,98.4
5068,98.2
5075,99.6
5076,100.4
5083,100.7
5084,102.1
5091,100.3
5092,101.5
5099,100.2
5100,100.7
5107,100
5108,100.3
5115,99.1
5116,99.5
5123,100.2
5124,100.5
5131,101.1
5132,101.1
5139,100.8
5140,102.1
5147,100.6
5148,100.6
5155,99.6
5156,100.7
5163,100.8
5164,100.5
5171,99.4
5172,99.9
5179,99.8
5180,98.4
5187,92.1
5188,93.7
5195,100.7
5196,100.9
5203,102
5204,102.7
5211,101.3
5213,101
5219,101.2
5220,101.5
5227,100.9
5228,101.2
5235,100.9
5236,101.4
5242,101
5243,101.3
5250,101
5251,102
5258,101
5259,101.9
5266,99.8
5267,99.3
5274,100.4
5275,100.6
5282,99.3
5283,99.9
5290,100.3
5291,101.1
5298,100.5
5299,101.1
5306,101.3
5307,101.3
5314,101.2
5315,100.9
5322,100.4
5323,100.4
5330,99.5
5331,99.4
5339,100.6
5340,100
5347,100.2
5348,99.8
5355,93.1
5356,93.4
5361,100.7
5362,101.3
5369,100
5370,99.4
5377,98.4
5378,99.1
5385,100
5386,102
5393,100.8
5394,100.1
5401,98.3
5402,99.4
5409,100.2
5410,100.4
5417,99.2
5418,99.2
5425,86.6
5426,84.7
5433,100.4
5434,100.3
5441,100.8
5442,101
5449,98.8
5450,98
5481,101.3
5458,99.5
5459,101.4
5466,98.1
5467,101.2
5474,98.8
5475,98.8
5482,101.2
5489,103.6
5490,106.1
5497,98.9
5498,99.5
5505,99.4
5506,100.6
5513,99.4
5514,100.4
5521,98.9
5522,100.2
5529,99.7
5530,100.3
5537,100
5538,99.6
5545,99.1
5546,98.2
5553,101.7
5554,101.6
5561,101.2
5562,102.6
5569,93.7
5570,98
5579,100.5
5580,100.9
5586,96.9
5587,95.3
5594,96.1
5595,94.3
5602,99.7
5603,99.4
5610,100.4
5611,100
5618,99.8
5619,99
5627,100.3
5628,100.6
5633,100.7
5634,100.1
5641,101.2
5642,103.1
2389,100.6
2390,100.1
2397,100.3
2398,99.6
2405,101.2
2406,101
2411,106
2410,106.6
2418,103.8
2419,103.9
2426,104
2427,103.7
2437,99.7
2438,100.1
2445,101
2446,100.8
2453,103.7
2454,102.6
2455,100.3
2462,100.8
2463,100.5
2738,101.2
2470,100.8
2477,99.7
2484,99.9
2485,100.4
2492,101.1
2493,101.1
2500,56.3
2501,55.4
2508,99.9
2509,99.6
2516,100
2517,100.6
2524,99.1
2525,99.2
2532,100.7
2533,100.6
2540,97.9
2541,94.8
2548,97.4
2549,98.1
2556,100.6
2557,100.5
2564,101.3
2565,101.2
2572,100.6
2573,100.1
2580,99.8
2581,99.7
2588,100.5
2589,100.8
2596,102.1
2597,102.5
2604,99.5
2605,99.8
2612,97.1
2613,97.2
2620,94
2621,92.9
2626,97.8
2627,97.7
2634,99.9
2635,99.6
2642,100.8
2643,98.9
2650,100.4
2651,99.9
2658,99.8
2659,99.5
2666,99.9
2667,99.5
2674,98
2675,98.9
2682,99.6
2683,99.3
2690,99.6
2691,100.4
2698,100.3
2739,100.4
2705,100.3
2706,100.7
2713,100
2714,100.8
2720,98.9
2721,100.1
2728,100.5
2729,100.4
2736,101
2737,100.5
2747,99.8
2748,100.2
2755,102
2756,103.3
2763,102
2764,101.4
2771,101
2772,99.5
2779,99.5
2780,98.7
2787,100.7
2788,101.1
2795,101.1
2796,100.9
2803,100
2804,99.1
2811,104.5
2812,103
2843,100.6
2844,99.8
2822,100.1
2823,100.4
2830,102.3
2831,99.9
2838,100.7
2839,94.1
2851,102.9
2852,102.1
2859,103.4
2860,104.4
2863,95.1
2862,95
2870,100
2871,99.3
2878,100.6
2879,100.9
2886,102.3
2887,101.8
2894,99.7
2895,101
2902,98.5
2903,98.4
2915,98
2916,97.5
2923,94.6
2924,94
2931,93.9
3028,91.5
2938,99.5
2939,100
2946,98.6
2947,99.1
2954,99.8
2955,98.1
2962,100.2
2963,99
2970,98.5
2971,99.6
2978,99.1
2979,99.6
2986,99.8
2987,99.7
2994,100.1
2995,100.2
3002,101.3
3003,101
3010,98.3
3011,98.4
3018,96.4
3019,94.1
3026,94.2
3027,93.9
3035,99.9
3036,99.4
3043,99.2
3044,98.8
3051,102
3052,100.2
3059,100.9
3060,101.2
3067,98.7
3068,99.7
3075,98.7
3076,97.6
3083,100.5
3084,101.3
3091,103.5
3092,104
3099,106.1
3100,104.9
3107,97.3
3108,97.6
3115,101
3116,99.3
3123,102.1
3124,100.9
3131,99.3
3132,100
3139,97.1
3140,98.1
3147,100.5
3148,99.3
3155,100.1
3156,99.6
3163,98.9
3164,99.2
3171,98.5
3172,96.6
3179,98.7
3180,98.8
3187,97.6
3188,97.6
3195,93.6
3196,93.2
3203,99.5
3204,99.9
3211,100.2
3212,100.8
3219,97.7
3220,99.2
3227,96.9
3228,98
3235,95.9
3236,94
3243,100.8
3244,101.8
3251,99.2
3252,98.5
3259,99.2
3260,100.6
3267,99.8
3268,100.4
3275,98.8
3276,98.3
3283,98.5
3284,98.1
3291,99.1
3292,96.7
3299,100.3
3300,100.4
3307,99.9
3308,100.2
3315,99.6
3316,98.9
3323,99.5
3324,99.9
3331,99
3332,99.4
3339,99.9
3340,100.4
3347,99
3348,99.3
3355,99.4
3356,99.8
3363,99.7
3364,99.3
3371,100.9
3396,100.8
3378,100.6
3379,100.8
3386,99.7
3387,99.3
3394,102
3395,100.7
3403,97.5
3404,97.3
3411,96.5
3412,95.7
3419,99.3
3420,99.9
3427,100.2
3428,98.9
3435,98.4
3436,96.8
3439,98.3
3440,99.8
3452,101.3
3453,100.1
3460,98.5
3461,99.2
3468,99.7
3469,99.7
3476,101
3477,101.2
3484,101.6
3485,101.4
3492,100.3
3493,100.2
3500,98.8
3501,99.7
3508,77.6
3509,80
3516,99.5
3517,99.2
3524,98.1
3525,98.5
3532,99.1
3533,99.1
3540,99.8
3541,99.8
3548,98.1
3549,98.8
3556,96.8
3557,97.1
3564,99.8
3565,100.2
3572,100
3573,99.1
3580,101.5
3581,99.9
3588,99.1
3589,98.9
3596,97.8
3597,98
3604,95.6
3605,95.2
3608,99.3
3609,99.6
3616,99.6
3617,100
3628,99.6
3629,99.2
3636,98.7
3637,99.1
3644,102.8
3645,100.5
3652,100.1
3653,99.7
3660,99.5
3661,98.8
3668,98.7
3669,97.4
3676,97.6
3677,99
3683,102.3
3684,102.5
3691,100.5
3692,100.7
3699,107.3
3700,107.3
3709,99.4
3710,99.2
3717,97.2
3718,97.7
3725,93.8
3726,92.9
3733,100
3734,100.1
3741,100.2
3742,100.2
3749,97.7
3750,97.8
3757,100.5
3758,101.3
3765,103.6
3766,103.2
3773,101.9
3774,102.4
3781,99.3
3782,98.9
3789,96
3790,94.7
3797,83.8
3798,84.7
3805,100.4
3806,100.9
3813,99.4
3814,99.5
3821,97.9
3822,98.6
3829,100.9
3830,101.3
3837,102.4
3838,102.9
3844,100.8
3845,100.7
3852,100.3
3853,100.1
3860,101.1
3861,101.2
3868,93.9
3869,94.9
3876,102.2
3877,102.2
3884,104.6
3885,104.6
3891,102.6
3892,102.8
3900,101
3901,100.6
3908,101.6
3909,100.7
3916,101.7
3917,101.5
3924,100.5
3925,100.9
3932,101.3
3933,100.4
3940,98.7
3941,98.1
3948,101
3949,100.8
3956,102.9
3957,102.7
3964,101.1
3965,101.7
3972,101.1
3973,102
3980,101
3981,100.9
3988,102.9
3989,102.1
3996,100.1
3997,101.1
4004,99.4
4005,100.8
4006,98.3
4013,97.2
4020,101.6
4021,100.7
4028,109.5
4029,110.2
4036,98.7
4037,96.4
4044,103.1
4045,102.6
4052,102.7
4053,102.8
4059,103.1
4060,102.9
4089,99.2
4066,102.5
4067,102.4
4074,101.1
4075,101.1
4082,94.8
4083,93.1
4090,100
4097,98.6
4098,98.8
4105,91.2
4106,88.7
4112,100.6
4113,100.6
4120,101.8
4121,100.8
4127,100.2
4128,100.7
4129,101.3
4130,101.9
4136,103.2
4137,104.2
4144,101
4145,101.8
4158,99.9
4159,100.1
4166,98.4
4167,98.8
4174,23.1
4175,29.4
4182,98.3
4183,98.3
4190,94.1
4191,92.4
4198,76.8
4199,77.2
4205,100.9
4206,100.8
4213,100.9
4214,101.3
4854,95.9
4221,96.9
4231,98.8
4232,99.6
4239,102.2
4240,103.1
4247,102.1
4248,102.6
4256,101.2
4257,101
4264,102.6
4265,103
4272,105.3
4273,106.3
4280,100.9
4281,101.2
4288,103.1
4289,103.4
4296,100.9
4297,101
4304,101.1
4305,101.1
4312,100.9
4313,100.5
4320,95.9
4321,94.4
4329,100.7
4330,101
4337,101.9
4338,102.6
4345,90.9
4346,90.9
4353,100.2
4354,100.1
4361,96.8
4362,97.9
4369,86.6
4370,85.7
4377,102.2
4378,101.4
4385,95.7
4386,96.8
4392,89.2
4393,89.7
4403,99.1
4404,99.4
4411,100.8
4412,100.6
4419,100
4420,99.9
4427,100
4428,100.2
4435,98.8
4436,97.7
4443,95.1
4444,93.5
4451,100
4452,100.3
4459,99.7
4460,99.7
4467,99.9
4468,99.2
4475,100.3
4476,100.3
4483,100.7
4484,101.3
4491,99.7
4492,99.8
4499,100.9
4500,100.8
4507,102.4
4508,103
4515,100
4516,102.2
4523,100.1
4524,100.5
4531,100
4532,98.4
4539,100.2
4540,100
4547,100.4
4548,100.1
4555,99.8
4556,100.4
4563,96.2
4564,96.6
4571,97.9
4572,99.1
4579,99
4580,99.5
4587,95.6
4588,97.4
4595,99.1
4596,99.1
4603,91.5
4604,91.8
4611,87
4612,83.1
4619,100.6
4620,99.7
4627,99.1
4628,99.1
4635,94.4
4636,93.7
4643,97.9
4644,98.5
4651,98.2
4652,98.6
4659,97.9
4660,97.4
4667,100.1
4668,101
4675,100.6
4676,100.1
4683,99.9
4684,99.8
4691,101.4
4692,101.6
4699,101.2
4700,101.6
4707,101
4708,100.8
4715,100.4
4716,100.7
4723,101.1
4724,100.6
4731,101.1
4732,91.1
4740,100.5
4741,100.9
4748,101.5
4749,102.8
4756,101.5
4757,102.1
4764,101.2
4765,101.2
4772,100.8
4773,100.9
4780,99.7
4781,101.6
4788,100.2
4789,100.9
4796,101
4797,101
4804,100.5
4805,100.5
4812,99.8
4813,99.7
4820,99.9
4821,100.1
4828,99.8
4829,100.1
4836,101.2
4837,101.9
4844,102.7
4845,103.3
4852,99.6
4853,99.5
4861,101
4862,101.4
4869,101.3
4870,101.6
4877,101
4878,101.1
4885,100
4886,98.6
4893,95.4
4894,95.2
4901,98.7
4902,97.2
4909,100.5
4910,101.2
4917,101.3
4918,101.2
4925,100.2
4926,101.2
4933,100.1
4934,100.4
4941,99.1
4942,99.4
4949,99
4950,98.5
4957,100.7
4958,100.1
4965,100
4966,100.1
4973,100.6
4974,100
4981,100.6
4982,100.4
4989,99.4
4990,99.9
4997,98.4
4998,98.7
5005,100.4
5006,100.8
5013,99.1
5014,100.3
5021,99.5
5022,100.9
5029,99.6
5030,99.7
5037,96
5038,96.4
5045,94
5046,94.4
5053,99.9
5054,99.9
5061,99.8
5062,100.1
5069,96.6
5070,96.9
5077,100.8
5078,100.4
5085,101.9
5086,100.9
5093,91.9
5094,92.9
5101,100
5102,100.5
5109,100
5110,99.6
5117,97.1
5118,97.8
5125,98.9
5126,99.3
5133,98.9
5134,98.4
5141,97.6
5142,97
5149,100.7
5150,100.9
5157,99.3
5158,99.5
5165,100.1
5166,98.5
5173,99.7
5174,100.2
5181,99.3
5182,98.9
5189,88.3
5190,90.9
5197,100.7
5198,100.9
5205,102.3
5206,102.8
5212,103.6
5214,104.2
5221,100.4
5222,100.9
5229,100.7
5230,101.8
5237,80.5
5334,100.5
5244,101.7
5245,101.1
5252,102.1
5253,101.8
5260,103.3
5261,103.7
5268,100.3
5269,100.4
5276,100.4
5277,101.4
5284,100.5
5285,100.8
5292,100.9
5293,100.9
5300,100.4
5301,100.3
5308,100
5309,99.2
5316,87.3
5317,91.3
5324,58.1
5325,52.1
5332,56.8
5333,56.6
5341,100.2
5342,100.8
5349,100.3
5350,99.6
5573,91.2
5574,90.6
5363,100.7
5364,100.9
5371,94.3
5372,94.6
5379,87.5
5380,93.1
5387,100.9
5388,101.5
5395,101.7
5396,100
5403,92.5
5404,91.7
5411,100
5412,100.2
5419,97.4
5420,95.7
5427,68.5
5428,68.3
5435,102.7
5436,102.8
5443,111
5444,111.1
5451,118.7
5452,119.6
5483,101.6
5460,100.3
5461,101.2
5468,99.9
5469,100.6
5476,96.8
5477,99.5
5484,102.4
5491,105.7
5492,106.2
5499,97.2
5500,96.9
5507,100.1
5508,99.7
5515,99.8
5516,101.6
5523,101
5524,100.9
5531,99.3
5532,99.8
5539,98.9
5540,98.6
5547,99.9
5548,99.2
5555,102.2
5556,102
5563,102.6
5564,103.5
5571,88.8
5572,87.2
5581,103.7
5582,103.6
5588,106.2
5589,105.1
5596,106.8
5597,104.8
5604,100.7
5605,100.6
5612,98.8
5613,100.3
5620,92.4
5621,90.6
5635,36.7
5636,34.5
